{"root":[{"assemblyName":"Assembly-CSharp","nameSpace":"Yarn.Unity.Generated","className":"ActionRegistration","methodName":"AddRegisterFunction","loadTypes":1,"isUnityClass":false},{"assemblyName":"Cinemachine","nameSpace":"Cinemachine","className":"CinemachineStoryboard","methodName":"InitializeModule","loadTypes":0,"isUnityClass":false},{"assemblyName":"Cinemachine","nameSpace":"Cinemachine","className":"CinemachineCore","methodName":"InitializeModule","loadTypes":0,"isUnityClass":false},{"assemblyName":"Cinemachine","nameSpace":"Cinemachine","className":"UpdateTracker","methodName":"InitializeModule","loadTypes":0,"isUnityClass":false},{"assemblyName":"Cinemachine","nameSpace":"Cinemachine","className":"CinemachineImpulseManager","methodName":"InitializeModule","loadTypes":0,"isUnityClass":false},{"assemblyName":"Unity.InputSystem","nameSpace":"UnityEngine.InputSystem","className":"InputSystem","methodName":"RunInitializeInPlayer","loadTypes":4,"isUnityClass":true},{"assemblyName":"Unity.InputSystem","nameSpace":"UnityEngine.InputSystem","className":"InputSystem","methodName":"RunInitialUpdate","loadTypes":1,"isUnityClass":true},{"assemblyName":"YarnSpinner.Unity","nameSpace":"Yarn.Unity","className":"DefaultActions","methodName":"AddRegisterFunction","loadTypes":1,"isUnityClass":false},{"assemblyName":"YarnSpinnerTests.CommandsInAnAssemblyDefinition","nameSpace":"Yarn.Unity.Generated","className":"ActionRegistration","methodName":"AddRegisterFunction","loadTypes":1,"isUnityClass":false}]}
